id,url,zh_tw,en,translate,note
中出,https://www.airav.wiki/,中出,Creampie,中出,
巨乳,https://www.airav.wiki/,巨乳,Big Tits,巨乳,
口交,https://www.airav.wiki/,口交,Oral,口交,
潮吹,https://www.airav.wiki/,潮吹,Squirting,潮吹,
3P,https://www.airav.wiki/,3P,Threesome,3P,
多P,https://www.airav.wiki/,多P,Group Sex,多P,
SM,https://www.airav.wiki/,SM,BDSM,SM,
制服,https://www.airav.wiki/,制服,Uniform,制服,
熟女,https://www.airav.wiki/,熟女,Mature,熟女,
女优,https://www.airav.wiki/,女优,Actress,女优,
单体,https://www.airav.wiki/,单体,Solo,单体,
自拍,https://www.airav.wiki/,自拍,Selfie,自拍,
素人,https://www.airav.wiki/,素人,Amateur,素人,
丝袜,https://www.airav.wiki/,丝袜,Stockings,丝袜,
美腿,https://www.airav.wiki/,美腿,Beautiful Legs,美腿,
美臀,https://www.airav.wiki/,美臀,Beautiful Ass,美臀,
美乳,https://www.airav.wiki/,美乳,Beautiful Breasts,美乳,
美尻,https://www.airav.wiki/,美尻,Beautiful Ass,美尻,
苗条,https://www.airav.wiki/,苗条,Slender,苗条,
身材好,https://www.airav.wiki/,身材好,Good Figure,身材好,
颜射,https://www.airav.wiki/,颜射,Facial,颜射,
乳交,https://www.airav.wiki/,乳交,Titty Fuck,乳交,
足交,https://www.airav.wiki/,足交,Footjob,足交,
手交,https://www.airav.wiki/,手交,Handjob,手交,
后入,https://www.airav.wiki/,后入,Doggystyle,后入,
骑乘,https://www.airav.wiki/,骑乘,Cowgirl,骑乘,
69式,https://www.airav.wiki/,69式,69,69式,
女上位,https://www.airav.wiki/,女上位,Cowgirl,女上位,
男上位,https://www.airav.wiki/,男上位,Missionary,男上位,
侧入,https://www.airav.wiki/,侧入,Spoon,侧入,
站立,https://www.airav.wiki/,站立,Standing,站立,
浴室,https://www.airav.wiki/,浴室,Bathroom,浴室,
厨房,https://www.airav.wiki/,厨房,Kitchen,厨房,
教室,https://www.airav.wiki/,教室,Classroom,教室,
办公室,https://www.airav.wiki/,办公室,Office,办公室,
病房,https://www.airav.wiki/,病房,Hospital,病房,
旅馆,https://www.airav.wiki/,旅馆,Hotel,旅馆,
户外,https://www.airav.wiki/,户外,Outdoor,户外,
车内,https://www.airav.wiki/,车内,Car,车内,
泳池,https://www.airav.wiki/,泳池,Pool,泳池,
海边,https://www.airav.wiki/,海边,Beach,海边,
温泉,https://www.airav.wiki/,温泉,Hot Spring,温泉,
派对,https://www.airav.wiki/,派对,Party,派对,
聚会,https://www.airav.wiki/,聚会,Gathering,聚会,
约会,https://www.airav.wiki/,约会,Date,约会,
偷窥,https://www.airav.wiki/,偷窥,Voyeur,偷窥,
偷拍,https://www.airav.wiki/,偷拍,Hidden Camera,偷拍,
露点,https://www.airav.wiki/,露点,Nudity,露点,
无码,https://www.airav.wiki/,无码,Uncensored,无码,
有码,https://www.airav.wiki/,有码,Censored,有码,
马赛克,https://www.airav.wiki/,马赛克,Mosaic,马赛克,
破解,https://www.airav.wiki/,破解,Cracked,破解,
流出,https://www.airav.wiki/,流出,Leaked,流出,
盗摄,https://www.airav.wiki/,盗摄,Piracy,盗摄,
自拍片,https://www.airav.wiki/,自拍片,Selfie Video,自拍片,
网拍,https://www.airav.wiki/,网拍,Web Video,网拍,
直播,https://www.airav.wiki/,直播,Live Stream,直播,
VR,https://www.airav.wiki/,VR,Virtual Reality,VR,
360度,https://www.airav.wiki/,360度,360 Degree,360度,
HDR,https://www.airav.wiki/,HDR,High Dynamic Range,HDR,
4K,https://www.airav.wiki/,4K,4K Ultra HD,4K,
高清,https://www.airav.wiki/,高清,HD,高清,
标清,https://www.airav.wiki/,标清,SD,标清,
蓝光,https://www.airav.wiki/,蓝光,Blu-ray,蓝光,
DVD,https://www.airav.wiki/,DVD,DVD,DVD,
网络,https://www.airav.wiki/,网络,Online,网络,
下载,https://www.airav.wiki/,下载,Download,下载,
在线观看,https://www.airav.wiki/,在线观看,Watch Online,在线观看,
免费,https://www.airav.wiki/,免费,Free,免费,
付费,https://www.airav.wiki/,付费,Paid,付费,
会员,https://www.airav.wiki/,会员,Membership,会员,
订阅,https://www.airav.wiki/,订阅,Subscription,订阅,
VIP,https://www.airav.wiki/,VIP,VIP,VIP,
高级,https://www.airav.wiki/,高级,Premium,高级,
限定,https://www.airav.wiki/,限定,Exclusive,限定,
独家,https://www.airav.wiki/,独家,Exclusive,独家,
特别,https://www.airav.wiki/,特别,Special,特别,
精选,https://www.airav.wiki/,精选,Selected,精选,
推荐,https://www.airav.wiki/,推荐,Recommended,推荐,
热门,https://www.airav.wiki/,热门,Popular,热门,
最新,https://www.airav.wiki/,最新,New,最新,
经典,https://www.airav.wiki/,经典,Classic,经典,
怀旧,https://www.airav.wiki/,怀旧,Retro,怀旧,
复古,https://www.airav.wiki/,复古,Vintage,复古,
现代,https://www.airav.wiki/,现代,Modern,现代,
前卫,https://www.airav.wiki/,前卫,Avant-garde,前卫,
实验,https://www.airav.wiki/,实验,Experimental,实验,
艺术,https://www.airav.wiki/,艺术,Artistic,艺术,
文艺,https://www.airav.wiki/,文艺,Literary,文艺,
剧情,https://www.airav.wiki/,剧情,Story,剧情,
故事,https://www.airav.wiki/,故事,Story,故事,
情节,https://www.airav.wiki/,情节,Plot,情节,
主题,https://www.airav.wiki/,主题,Theme,主题,
题材,https://www.airav.wiki/,题材,Subject Matter,题材,
类型,https://www.airav.wiki/,类型,Genre,类型,
风格,https://www.airav.wiki/,风格,Style,风格,
手法,https://www.airav.wiki/,手法,Technique,手法,
技巧,https://www.airav.wiki/,技巧,Skill,技巧,
特色,https://www.airav.wiki/,特色,Feature,特色,
亮点,https://www.airav.wiki/,亮点,Highlight,亮点,
看点,https://www.airav.wiki/,看点,Attraction,看点,
卖点,https://www.airav.wiki/,卖点,Selling Point,卖点,
噱头,https://www.airav.wiki/,噱头,Gimmick,噱头,
话题,https://www.airav.wiki/,话题,Topic,话题,
热点,https://www.airav.wiki/,热点,Hot Topic,热点,
争议,https://www.airav.wiki/,争议,Controversy,争议,
讨论,https://www.airav.wiki/,讨论,Discussion,讨论,
评论,https://www.airav.wiki/,评论,Review,评论,
评价,https://www.airav.wiki/,评价,Evaluation,评价,
评分,https://www.airav.wiki/,评分,Rating,评分,
排行,https://www.airav.wiki/,排行,Ranking,排行,
榜单,https://www.airav.wiki/,榜单,Chart,榜单,
大奖,https://www.airav.wiki/,大奖,Award,大奖,
奖项,https://www.airav.wiki/,奖项,Award,奖项,
荣誉,https://www.airav.wiki/,荣誉,Honor,荣誉,
成就,https://www.airav.wiki/,成就,Achievement,成就,
记录,https://www.airav.wiki/,记录,Record,记录,
突破,https://www.airav.wiki/,突破,Breakthrough,突破,
创新,https://www.airav.wiki/,创新,Innovation,创新,
改革,https://www.airav.wiki/,改革,Reform,改革,
进步,https://www.airav.wiki/,进步,Progress,进步,
发展,https://www.airav.wiki/,发展,Development,发展,
成长,https://www.airav.wiki/,成长,Growth,成长,
变化,https://www.airav.wiki/,变化,Change,变化,
转变,https://www.airav.wiki/,转变,Transformation,转变,
进化,https://www.airav.wiki/,进化,Evolution,进化,
升级,https://www.airav.wiki/,升级,Upgrade,升级,
更新,https://www.airav.wiki/,更新,Update,更新,
版本,https://www.airav.wiki/,版本,Version,版本,
系列,https://www.airav.wiki/,系列,Series,系列,
番号,https://www.airav.wiki/,番号,ID Number,番号,
编号,https://www.airav.wiki/,编号,Serial Number,编号,
标签,https://www.airav.wiki/,标签,Tag,标签,
分类,https://www.airav.wiki/,分类,Category,分类,
目录,https://www.airav.wiki/,目录,Directory,目录,
索引,https://www.airav.wiki/,索引,Index,索引,
搜索,https://www.airav.wiki/,搜索,Search,搜索,
查找,https://www.airav.wiki/,查找,Find,查找,
发现,https://www.airav.wiki/,发现,Discover,发现,
探索,https://www.airav.wiki/,探索,Explore,探索,
研究,https://www.airav.wiki/,研究,Research,研究,
分析,https://www.airav.wiki/,分析,Analysis,分析,
理解,https://www.airav.wiki/,理解,Understand,理解,
学习,https://www.airav.wiki/,学习,Learn,学习,
教育,https://www.airav.wiki/,教育,Education,教育,
培训,https://www.airav.wiki/,培训,Training,培训,
指导,https://www.airav.wiki/,指导,Guidance,指导,
教程,https://www.airav.wiki/,教程,Tutorial,教程,
指南,https://www.airav.wiki/,指南,Guide,指南,
手册,https://www.airav.wiki/,手册,Manual,手册,
说明,https://www.airav.wiki/,说明,Instructions,说明,
介绍,https://www.airav.wiki/,介绍,Introduction,介绍,
概述,https://www.airav.wiki/,概述,Overview,概述,
摘要,https://www.airav.wiki/,摘要,Summary,摘要,
详情,https://www.airav.wiki/,详情,Details,详情,
信息,https://www.airav.wiki/,信息,Information,信息,
资料,https://www.airav.wiki/,资料,Data,资料,
文档,https://www.airav.wiki/,文档,Document,文档,
文件,https://www.airav.wiki/,文件,File,文件,
图片,https://www.airav.wiki/,图片,Image,图片,
照片,https://www.airav.wiki/,照片,Photo,照片,
截图,https://www.airav.wiki/,截图,Screenshot,截图,
封面,https://www.airav.wiki/,封面,Cover,封面,
海报,https://www.airav.wiki/,海报,Poster,海报,
宣传图,https://www.airav.wiki/,宣传图,Promotional Image,宣传图,
样张,https://www.airav.wiki/,样张,Sample,样张,
预览,https://www.airav.wiki/,预览,Preview,预览,
预告,https://www.airav.wiki/,预告,Trailer,预告,
片花,https://www.airav.wiki/,片花,Behind the Scenes,片花,
花絮,https://www.airav.wiki/,花絮,Bloopers,花絮,
幕后,https://www.airav.wiki/,幕后,Behind the Scenes,幕后,
制作,https://www.airav.wiki/,制作,Production,制作,
拍摄,https://www.airav.wiki/,拍摄,Filming,拍摄,
导演,https://www.airav.wiki/,导演,Director,导演,
制片,https://www.airav.wiki/,制片,Producer,制片,
监制,https://www.airav.wiki/,监制,Executive Producer,监制,
编剧,https://www.airav.wiki/,编剧,Screenwriter,编剧,
摄影,https://www.airav.wiki/,摄影,Cinematography,摄影,
剪辑,https://www.airav.wiki/,剪辑,Editing,剪辑,
配音,https://www.airav.wiki/,配音,Dubbing,配音,
字幕,https://www.airav.wiki/,字幕,Subtitle,字幕,
翻译,https://www.airav.wiki/,翻译,Translation,翻译,
配音,https://www.airav.wiki/,配音,Voice Acting,配音,
音效,https://www.airav.wiki/,音效,Sound Effects,音效,
配乐,https://www.airav.wiki/,配乐,Music,配乐,
原声,https://www.airav.wiki/,原声,Soundtrack,原声,
主题曲,https://www.airav.wiki/,主题曲,Theme Song,主题曲,
片尾曲,https://www.airav.wiki/,片尾曲,Ending Theme,片尾曲,
插曲,https://www.airav.wiki/,插曲,Insert Song,插曲,
背景音乐,https://www.airav.wiki/,背景音乐,Background Music,背景音乐,
环境音,https://www.airav.wiki/,环境音,Ambient Sound,环境音,
对话,https://www.airav.wiki/,对话,Dialogue,对话,
独白,https://www.airav.wiki/,独白,Monologue,独白,
旁白,https://www.airav.wiki/,旁白,Narration,旁白,
解说,https://www.airav.wiki/,解说,Commentary,解说,
访谈,https://www.airav.wiki/,访谈,Interview,访谈,
采访,https://www.airav.wiki/,采访,Interview,采访,
对话,https://www.airav.wiki/,对话,Conversation,对话,
交流,https://www.airav.wiki/,交流,Communication,交流,
互动,https://www.airav.wiki/,互动,Interaction,互动,
参与,https://www.airav.wiki/,参与,Participation,参与,
投入,https://www.airav.wiki/,投入,Investment,投入,
专注,https://www.airav.wiki/,专注,Focused,专注,
投入,https://www.airav.wiki/,投入,Engaged,投入,
热情,https://www.airav.wiki/,热情,Passionate,热情,
激情,https://www.airav.wiki/,激情,Passion,激情,
情感,https://www.airav.wiki/,情感,Emotion,情感,
情绪,https://www.airav.wiki/,情绪,Mood,情绪,
感觉,https://www.airav.wiki/,感觉,Feeling,感觉,
感受,https://www.airav.wiki/,感受,Sensation,感受,
体验,https://www.airav.wiki/,体验,Experience,体验,
经历,https://www.airav.wiki/,经历,Experience,经历,
回忆,https://www.airav.wiki/,回忆,Memory,回忆,
记忆,https://www.airav.wiki/,记忆,Memory,记忆,
印象,https://www.airav.wiki/,印象,Impression,印象,
影响,https://www.airav.wiki/,影响,Impact,影响,
作用,https://www.airav.wiki/,作用,Effect,作用,
效果,https://www.airav.wiki/,效果,Result,效果,
结果,https://www.airav.wiki/,结果,Outcome,结果,
后果,https://www.airav.wiki/,后果,Consequence,后果,
影响,https://www.airav.wiki/,影响,Influence,影响,
改变,https://www.airav.wiki/,改变,Change,改变,
改进,https://www.airav.wiki/,改进,Improve,改进,
提升,https://www.airav.wiki/,提升,Enhance,提升,
优化,https://www.airav.wiki/,优化,Optimize,优化,
完善,https://www.airav.wiki/,完善,Perfect,完善,
完美,https://www.airav.wiki/,完美,Perfect,完美,
理想,https://www.airav.wiki/,理想,Ideal,理想,
梦想,https://www.airav.wiki/,梦想,Dream,梦想,
愿望,https://www.airav.wiki/,愿望,Wish,愿望,
希望,https://www.airav.wiki/,希望,Hop,希望,
期待,https://www.airav.wiki/,期待,Expect,期待,
盼望,https://www.airav.wiki/,盼望,Look Forward To,盼望,
渴望,https://www.airav.wiki/,渴望,Long For,渴望,
需求,https://www.airav.wiki/,需求,Need,需求,
要求,https://www.airav.wiki/,要求,Requirement,要求,
标准,https://www.airav.wiki/,标准,Standard,标准,
规范,https://www.airav.wiki/,规范,Specification,规范,
准则,https://www.airav.wiki/,准则,Guideline,准则,
原则,https://www.airav.wiki/,原则,Principle,原则,
理念,https://www.airav.wiki/,理念,Concept,理念,
观念,https://www.airav.wiki/,观念,Idea,观念,
思想,https://www.airav.wiki/,思想,Thought,思想,
思维,https://www.airav.wiki/,思维,Thinking,思维,
思考,https://www.airav.wiki/,思考,Think,思考,
考虑,https://www.airav.wiki/,考虑,Consider,考虑,
衡量,https://www.airav.wiki/,衡量,Measure,衡量,
评估,https://www.airav.wiki/,评估,Evaluate,评估,
判断,https://www.airav.wiki/,判断,Judge,判断,
决定,https://www.airav.wiki/,决定,Decide,决定,
选择,https://www.airav.wiki/,选择,Choose,选择,
挑选,https://www.airav.wiki/,挑选,Select,挑选,
筛选,https://www.airav.wiki/,筛选,Filter,筛选,
过滤,https://www.airav.wiki/,过滤,Filter,过滤,
排除,https://www.airav.wiki/,排除,Exclude,排除,
包含,https://www.airav.wiki/,包含,Include,包含,
涵盖,https://www.airav.wiki/,涵盖,Cover,涵盖,
覆盖,https://www.airav.wiki/,覆盖,Cover,覆盖,
包围,https://www.airav.wiki/,包围,Surround,包围,
环绕,https://www.airav.wiki/,环绕,Encircle,环绕,
围绕,https://www.airav.wiki/,围绕,Around,围绕,
围绕,https://www.airav.wiki/,围绕,Revolve Around,围绕,
围绕,https://www.airav.wiki/,围绕,Circle Around,围绕,
围绕,https://www.airav.wiki/,围绕,Center Around,围绕,
围绕,https://www.airav.wiki/,围绕,Focus Around,围绕,
围绕,https://www.airav.wiki/,围绕,Concentrate Around,围绕,
围绕,https://www.airav.wiki/,围绕,Emphasize Around,围绕,
围绕,https://www.airav.wiki/,围绕,Highlight Around,围绕